Highest Layer,Transport Layer,Source IP,Dest IP,Source Port,Dest Port,Packet Length,Packets/Time,target
SSL,TCP,1,104.244.42.8,49981,443,55,0.0,1
TCP,TCP,1,192.168.42.164,443,49981,66,0.8246702049807728,1
DATA,TCP,1,2404:6800:4002:805::200e,56721,443,677,1.6479552436166498,1
DATA,TCP,1,2409:4056:81:9680:59f5:7b09:622d:5cf5,443,56721,84,2.4699473245648904,1
DATA,TCP,1,2409:4056:81:9680:59f5:7b09:622d:5cf5,443,56721,125,3.290627706073471,1
DATA,TCP,1,2409:4056:81:9680:59f5:7b09:622d:5cf5,443,56721,80,4.109984382407406,1
DATA,TCP,1,2404:6800:4002:805::200e,56721,443,91,4.92802344851652,1
DATA,TCP,1,2404:6800:4003:c04::bc,49877,5228,75,5.740161462843272,1
TCP,TCP,1,2409:4056:81:9680:59f5:7b09:622d:5cf5,5228,49877,86,6.554941714632214,1
TCP,TCP,1,2606:2800:147:120f:30c:1ba0:fc6:3001,49991,80,74,7.3625398980132175,1
TCP,TCP,1,2409:4056:81:9680:59f5:7b09:622d:5cf5,80,49991,74,8.17406017301481,1
TCP,TCP,1,2606:2800:147:120f:30c:1ba0:fc6:3001,49991,80,74,8.984303242168757,1
DATA,TCP,1,2405:200:161b:743::13,53900,443,873,9.79323162559598,1
DATA,TCP,1,2409:4056:81:9680:59f5:7b09:622d:5cf5,443,53900,84,10.600906227994146,1
DATA,TCP,1,2409:4056:81:9680:59f5:7b09:622d:5cf5,443,53900,1392,11.407218842032465,1
DATA,TCP,1,2409:4056:81:9680:59f5:7b09:622d:5cf5,443,53900,1392,12.212350214957501,1
DATA,TCP,1,2409:4056:81:9680:59f5:7b09:622d:5cf5,443,53900,1392,13.016160600146126,1
DATA,TCP,1,2409:4056:81:9680:59f5:7b09:622d:5cf5,443,53900,1392,13.818700502955094,1
DATA,TCP,1,2409:4056:81:9680:59f5:7b09:622d:5cf5,443,53900,1392,14.608426306341798,1
DATA,TCP,1,2409:4056:81:9680:59f5:7b09:622d:5cf5,443,53900,1392,15.395613632609614,1
DATA,TCP,1,2409:4056:81:9680:59f5:7b09:622d:5cf5,443,53900,1392,16.193104800865115,1
DATA,TCP,1,2409:4056:81:9680:59f5:7b09:622d:5cf5,443,53900,1392,16.98932366082838,1
DATA,TCP,1,2409:4056:81:9680:59f5:7b09:622d:5cf5,443,53900,1392,17.770848776354242,1
DATA,TCP,1,2409:4056:81:9680:59f5:7b09:622d:5cf5,443,53900,1392,18.563359889715517,1
DATA,TCP,1,2405:200:161b:743::13,53900,443,91,19.35522931715541,1
DATA,TCP,1,2409:4056:81:9680:59f5:7b09:622d:5cf5,443,53900,1392,20.14584263942324,1
DATA,TCP,1,2409:4056:81:9680:59f5:7b09:622d:5cf5,443,53900,1392,20.935225565677964,1
DATA,TCP,1,2409:4056:81:9680:59f5:7b09:622d:5cf5,443,53900,1392,21.70631077730937,1
DATA,TCP,1,2409:4056:81:9680:59f5:7b09:622d:5cf5,443,53900,1392,22.492542004313478,1
DATA,TCP,1,2405:200:161b:743::13,53900,443,91,23.277510601057674,1
DATA,TCP,1,2409:4056:81:9680:59f5:7b09:622d:5cf5,443,53900,1392,24.061456100204055,1
DATA,TCP,1,2409:4056:81:9680:59f5:7b09:622d:5cf5,443,53900,1392,24.844074007481304,1
DATA,TCP,1,2405:200:161b:743::13,53900,443,91,25.605440609138217,1
DATA,TCP,1,2409:4056:81:9680:59f5:7b09:622d:5cf5,443,53900,1392,26.38586313447099,1
DATA,TCP,1,2409:4056:81:9680:59f5:7b09:622d:5cf5,443,53900,1392,27.163323751671204,1
DATA,TCP,1,2405:200:161b:743::13,53900,443,91,27.940430044738754,1
DATA,TCP,1,2405:200:161b:743::13,53900,443,91,28.716428515189218,1
DATA,TCP,1,2405:200:161b:743::13,53900,443,91,29.492092359973647,1
DATA,TCP,1,2405:200:161b:743::13,53900,443,91,30.26461714441529,1
DATA,TCP,1,2405:200:161b:743::13,53900,443,91,31.036973720685207,1
DATA,TCP,1,2405:200:161b:743::13,53900,443,91,31.808085409970552,1
DATA,TCP,1,2409:4056:81:9680:59f5:7b09:622d:5cf5,443,53900,1392,32.55276592514546,1
DATA,TCP,1,2409:4056:81:9680:59f5:7b09:622d:5cf5,443,53900,1392,33.32081815719428,1
DATA,TCP,1,2409:4056:81:9680:59f5:7b09:622d:5cf5,443,53900,1392,34.08791580984638,1
DATA,TCP,1,2409:4056:81:9680:59f5:7b09:622d:5cf5,443,53900,1392,34.85363614078386,1
DATA,TCP,1,2405:200:161b:743::13,53900,443,91,35.6182314837967,1
DATA,TCP,1,2405:200:161b:743::13,53900,443,91,36.381632872414045,1
DATA,TCP,1,2409:4056:81:9680:59f5:7b09:622d:5cf5,443,53900,1392,37.14382121128188,1
DATA,TCP,1,2409:4056:81:9680:59f5:7b09:622d:5cf5,443,53900,1392,37.90493988822062,1
DATA,TCP,1,2405:200:161b:743::13,53900,443,91,38.66482323506443,1
DATA,TCP,1,2409:4056:81:9680:59f5:7b09:622d:5cf5,443,53900,1392,39.4233961367496,1
DATA,TCP,1,2409:4056:81:9680:59f5:7b09:622d:5cf5,443,53900,1392,40.181083721523464,1
DATA,TCP,1,2409:4056:81:9680:59f5:7b09:622d:5cf5,443,53900,1392,40.907337027620876,1
DATA,TCP,1,2409:4056:81:9680:59f5:7b09:622d:5cf5,443,53900,1392,41.6606046817322,1
DATA,TCP,1,2409:4056:81:9680:59f5:7b09:622d:5cf5,443,53900,1392,42.41423068496126,1
DATA,TCP,1,2405:200:161b:743::13,53900,443,91,43.166415456225295,1
DATA,TCP,1,2405:200:161b:743::13,53900,443,91,43.9177547893666,1
DATA,TCP,1,2409:4056:81:9680:59f5:7b09:622d:5cf5,443,53900,1392,44.66772415478487,1
DATA,TCP,1,2409:4056:81:9680:59f5:7b09:622d:5cf5,443,53900,1392,45.38201051173345,1
DATA,TCP,1,2409:4056:81:9680:59f5:7b09:622d:5cf5,443,53900,1392,46.12927997637836,1
DATA,TCP,1,2409:4056:81:9680:59f5:7b09:622d:5cf5,443,53900,1392,46.87536775888689,1
DATA,TCP,1,2409:4056:81:9680:59f5:7b09:622d:5cf5,443,53900,1392,47.620336519902814,1
DATA,TCP,1,2409:4056:81:9680:59f5:7b09:622d:5cf5,443,53900,1392,48.32731172004944,1
DATA,TCP,1,2405:200:161b:743::13,53900,443,91,49.069314189500986,1
DATA,TCP,1,2405:200:161b:743::13,53900,443,91,49.810360782379554,1
DATA,TCP,1,2405:200:161b:743::13,53900,443,91,50.55037714882865,1
DATA,TCP,1,2409:4056:81:9680:59f5:7b09:622d:5cf5,443,53900,1392,51.28913216994199,1
DATA,TCP,1,2409:4056:81:9680:59f5:7b09:622d:5cf5,443,53900,1392,52.028433439247166,1
DATA,TCP,1,2409:4056:81:9680:59f5:7b09:622d:5cf5,443,53900,1392,52.76331358866904,1
DATA,TCP,1,2409:4056:81:9680:59f5:7b09:622d:5cf5,443,53900,1392,53.45828848566885,1
DATA,TCP,1,2405:200:161b:743::13,53900,443,91,54.191944594515526,1
DATA,TCP,1,2405:200:161b:743::13,53900,443,91,54.92474276469213,1
DATA,TCP,1,2409:4056:81:9680:59f5:7b09:622d:5cf5,443,53900,1392,55.65632579281589,1
DATA,TCP,1,2409:4056:81:9680:59f5:7b09:622d:5cf5,443,53900,1392,56.38675428488715,1
DATA,TCP,1,2409:4056:81:9680:59f5:7b09:622d:5cf5,443,53900,1392,57.11606036761442,1
DATA,TCP,1,2409:4056:81:9680:59f5:7b09:622d:5cf5,443,53900,1392,57.844373412750876,1
DATA,TCP,1,2405:200:161b:743::13,53900,443,104,58.52746806040555,1
DATA,TCP,1,2405:200:161b:743::13,53900,443,91,59.25297254296446,1
DATA,TCP,1,2409:4056:81:9680:59f5:7b09:622d:5cf5,443,53900,1392,59.97743062016662,1
DATA,TCP,1,2405:200:161b:743::13,53900,443,91,60.7010686391933,1
DATA,TCP,1,2409:4056:81:9680:59f5:7b09:622d:5cf5,443,53900,1392,61.4232570638399,1
DATA,TCP,1,2409:4056:81:9680:59f5:7b09:622d:5cf5,443,53900,1392,62.09838028840934,1
DATA,TCP,1,2405:200:161b:743::13,53900,443,91,62.817411341228805,1
DATA,TCP,1,2409:4056:81:9680:59f5:7b09:622d:5cf5,443,53900,1392,63.536200482005114,1
DATA,TCP,1,2409:4056:81:9680:59f5:7b09:622d:5cf5,443,53900,1392,64.2535348226306,1
DATA,TCP,1,2409:4056:81:9680:59f5:7b09:622d:5cf5,443,53900,1392,64.97010323500291,1
DATA,TCP,1,2405:200:161b:743::13,53900,443,91,65.68541522503952,1
DATA,TCP,1,2409:4056:81:9680:59f5:7b09:622d:5cf5,443,53900,1392,66.39974524935539,1
DATA,TCP,1,2409:4056:81:9680:59f5:7b09:622d:5cf5,443,53900,1392,67.06293198821825,1
DATA,TCP,1,2409:4056:81:9680:59f5:7b09:622d:5cf5,443,53900,1392,67.77436254965613,1
DATA,TCP,1,2409:4056:81:9680:59f5:7b09:622d:5cf5,443,53900,1392,68.4851786761036,1
DATA,TCP,1,2405:200:161b:743::13,53900,443,91,69.19473079563623,1
DATA,TCP,1,2405:200:161b:743::13,53900,443,91,69.90320511392179,1
DATA,TCP,1,2409:4056:81:9680:59f5:7b09:622d:5cf5,443,53900,1392,70.55844035331472,1
DATA,TCP,1,2405:200:161b:743::13,53900,443,91,71.26429408570704,1
DATA,TCP,1,2409:4056:81:9680:59f5:7b09:622d:5cf5,443,53900,1392,71.96921964310421,1
DATA,TCP,1,2409:4056:81:9680:59f5:7b09:622d:5cf5,443,53900,1392,72.6748621146855,1
DATA,TCP,1,2409:4056:81:9680:59f5:7b09:622d:5cf5,443,53900,1392,73.32405919884252,1
DATA,TCP,1,2405:200:161b:743::13,53900,443,91,74.02267889111255,1
DATA,TCP,1,2409:4056:81:9680:59f5:7b09:622d:5cf5,443,53900,1392,74.72320374879206,1
DATA,TCP,1,2405:200:161b:743::13,53900,443,91,75.42229558110249,1
DATA,TCP,1,2409:4056:81:9680:59f5:7b09:622d:5cf5,443,53900,1392,76.12068485933588,1
DATA,TCP,1,2409:4056:81:9680:59f5:7b09:622d:5cf5,443,53900,1392,76.76143022547085,1
DATA,TCP,1,2409:4056:81:9680:59f5:7b09:622d:5cf5,443,53900,1392,77.40284754868077,1
DATA,TCP,1,2409:4056:81:9680:59f5:7b09:622d:5cf5,443,53900,1392,78.03761125353552,1
DATA,TCP,1,2409:4056:81:9680:59f5:7b09:622d:5cf5,443,53900,1392,78.73032353838703,1
DATA,TCP,1,2405:200:161b:743::13,53900,443,91,79.42203703356351,1
DATA,TCP,1,2405:200:161b:743::13,53900,443,91,80.11255408782577,1
DATA,TCP,1,2409:4056:81:9680:59f5:7b09:622d:5cf5,443,53900,1392,80.80242022946516,1
DATA,TCP,1,2405:200:161b:743::13,53900,443,91,81.4907745630945,1
DATA,TCP,1,2409:4056:81:9680:59f5:7b09:622d:5cf5,443,53900,1392,82.1786028726406,1
DATA,TCP,1,2409:4056:81:9680:59f5:7b09:622d:5cf5,443,53900,1392,82.80733173126092,1
DATA,TCP,1,2409:4056:81:9680:59f5:7b09:622d:5cf5,443,53900,1392,83.4925913445064,1
DATA,TCP,1,2409:4056:81:9680:59f5:7b09:622d:5cf5,443,53900,1392,84.17408946860301,1
DATA,TCP,1,2409:4056:81:9680:59f5:7b09:622d:5cf5,443,53900,1392,84.85997475590035,1
DATA,TCP,1,2409:4056:81:9680:59f5:7b09:622d:5cf5,443,53900,1392,85.47709868539155,1
DATA,TCP,1,2409:4056:81:9680:59f5:7b09:622d:5cf5,443,53900,1392,86.1581750603457,1
DATA,TCP,1,2405:200:161b:743::13,53900,443,91,86.77429951830915,1
DATA,TCP,1,2405:200:161b:743::13,53900,443,91,87.45339282915495,1
DATA,TCP,1,2405:200:161b:743::13,53900,443,91,88.13087780881517,1
DATA,TCP,1,2409:4056:81:9680:59f5:7b09:622d:5cf5,443,53900,1392,88.80686858848813,1
DATA,TCP,1,2409:4056:81:9680:59f5:7b09:622d:5cf5,443,53900,1392,89.48241368524653,1
DATA,TCP,1,2409:4056:81:9680:59f5:7b09:622d:5cf5,443,53900,1392,90.15714496638478,1
DATA,TCP,1,2405:200:161b:743::13,53900,443,91,90.82962848719106,1
DATA,TCP,1,2405:200:161b:743::13,53900,443,91,91.43728031535959,1
DATA,TCP,1,2409:4056:81:9680:59f5:7b09:622d:5cf5,443,53900,1392,92.10841389124353,1
DATA,TCP,1,2409:4056:81:9680:59f5:7b09:622d:5cf5,443,53900,1392,92.77855063640142,1
DATA,TCP,1,2409:4056:81:9680:59f5:7b09:622d:5cf5,443,53900,1392,93.44774117400218,1
DATA,TCP,1,2409:4056:81:9680:59f5:7b09:622d:5cf5,443,53900,1392,94.11516295129167,1
DATA,TCP,1,2409:4056:81:9680:59f5:7b09:622d:5cf5,443,53900,1392,94.783293173535,1
DATA,TCP,1,2409:4056:81:9680:59f5:7b09:622d:5cf5,443,53900,1392,95.38111897898067,1
DATA,TCP,1,2409:4056:81:9680:59f5:7b09:622d:5cf5,443,53900,1392,96.04591852698802,1
DATA,TCP,1,2405:200:161b:743::13,53900,443,91,96.71008658258954,1
DATA,TCP,1,2409:4056:81:9680:59f5:7b09:622d:5cf5,443,53900,1392,97.37308720425044,1
DATA,TCP,1,2405:200:161b:743::13,53900,443,91,98.03512358420893,1
DATA,TCP,1,2409:4056:81:9680:59f5:7b09:622d:5cf5,443,53900,1392,98.62574938484211,1
DATA,TCP,1,2405:200:161b:743::13,53900,443,104,99.28566649504795,1
DATA,TCP,1,2405:200:161b:743::13,53900,443,91,99.94765329334173,1
DATA,TCP,1,2409:4056:81:9680:59f5:7b09:622d:5cf5,443,53900,1392,100.60228727378718,1
DATA,TCP,1,2405:200:161b:743::13,53900,443,91,101.25935958443608,1
DATA,TCP,1,2409:4056:81:9680:59f5:7b09:622d:5cf5,443,53900,1392,101.91855992757426,1
DATA,TCP,1,2409:4056:81:9680:59f5:7b09:622d:5cf5,443,53900,1392,102.57362723359854,1
DATA,TCP,1,2409:4056:81:9680:59f5:7b09:622d:5cf5,443,53900,1392,103.22787180003584,1
DATA,TCP,1,2409:4056:81:9680:59f5:7b09:622d:5cf5,443,53900,1392,103.80747487306728,1
DATA,TCP,1,2409:4056:81:9680:59f5:7b09:622d:5cf5,443,53900,1392,104.45947519808618,1
DATA,TCP,1,2409:4056:81:9680:59f5:7b09:622d:5cf5,443,53900,1392,105.11046315385963,1
DATA,TCP,1,2405:200:161b:743::13,53900,443,91,105.75738893562404,1
DATA,TCP,1,2409:4056:81:9680:59f5:7b09:622d:5cf5,443,53900,1392,106.40652063274119,1
DATA,TCP,1,2409:4056:81:9680:59f5:7b09:622d:5cf5,443,53900,1392,106.97889019634606,1
DATA,TCP,1,2405:200:161b:743::13,53900,443,91,107.62537800978451,1
DATA,TCP,1,2405:200:161b:743::13,53900,443,91,108.27190023805701,1
DATA,TCP,1,2409:4056:81:9680:59f5:7b09:622d:5cf5,443,53900,1392,108.91693788135939,1
DATA,TCP,1,2405:200:161b:743::13,53900,443,91,109.56140634583423,1
DATA,TCP,1,2409:4056:81:9680:59f5:7b09:622d:5cf5,443,53900,1392,110.20438544851552,1
DATA,TCP,1,2405:200:161b:743::13,53900,443,91,110.84685723621301,1
DATA,TCP,1,2409:4056:81:9680:59f5:7b09:622d:5cf5,443,53900,1392,111.48680311221938,1
DATA,TCP,1,2409:4056:81:9680:59f5:7b09:622d:5cf5,443,53900,1392,112.05031438786199,1
DATA,TCP,1,2409:4056:81:9680:59f5:7b09:622d:5cf5,443,53900,1392,112.68948319358361,1
DATA,TCP,1,2405:200:161b:743::13,53900,443,91,113.32781406783388,1
DATA,TCP,1,2409:4056:81:9680:59f5:7b09:622d:5cf5,443,53900,1392,113.9655434582556,1
DATA,TCP,1,2409:4056:81:9680:59f5:7b09:622d:5cf5,443,53900,1392,114.6020316888264,1
DATA,TCP,1,2409:4056:81:9680:59f5:7b09:622d:5cf5,443,53900,1392,115.15737190358597,1
DATA,TCP,1,2405:200:161b:743::13,53900,443,91,115.79149811438435,1
DATA,TCP,1,2405:200:161b:743::13,53900,443,91,116.42527219818426,1
DATA,TCP,1,2409:4056:81:9680:59f5:7b09:622d:5cf5,443,53900,1392,117.0582255311234,1
DATA,TCP,1,2409:4056:81:9680:59f5:7b09:622d:5cf5,443,53900,1392,117.69326291851878,1
DATA,TCP,1,2409:4056:81:9680:59f5:7b09:622d:5cf5,443,53900,1392,118.3206953762523,1
DATA,TCP,1,2409:4056:81:9680:59f5:7b09:622d:5cf5,443,53900,1392,118.87156044887011,1
DATA,TCP,1,2409:4056:81:9680:59f5:7b09:622d:5cf5,443,53900,1392,119.49667130706885,1
DATA,TCP,1,2409:4056:81:9680:59f5:7b09:622d:5cf5,443,53900,1392,120.1244388317023,1
DATA,TCP,1,2409:4056:81:9680:59f5:7b09:622d:5cf5,443,53900,1392,120.75184582926752,1
DATA,TCP,1,2409:4056:81:9680:59f5:7b09:622d:5cf5,443,53900,1392,121.29371395946718,1
DATA,TCP,1,2405:200:161b:743::13,53900,443,91,121.91876693468099,1
DATA,TCP,1,2405:200:161b:743::13,53900,443,91,122.54297775811996,1
DATA,TCP,1,2405:200:161b:743::13,53900,443,91,123.16614062640814,1
DATA,TCP,1,2405:200:161b:743::13,53900,443,91,123.7884427633575,1
DATA,TCP,1,2409:4056:81:9680:59f5:7b09:622d:5cf5,443,53900,1392,124.32406418120992,1
DATA,TCP,1,2409:4056:81:9680:59f5:7b09:622d:5cf5,443,53900,1392,124.94413434335445,1
DATA,TCP,1,2409:4056:81:9680:59f5:7b09:622d:5cf5,443,53900,1392,125.56381353780019,1
DATA,TCP,1,2409:4056:81:9680:59f5:7b09:622d:5cf5,443,53900,1392,126.18234597721936,1
DATA,TCP,1,2409:4056:81:9680:59f5:7b09:622d:5cf5,443,53900,1392,126.80002781296386,1
DATA,TCP,1,2409:4056:81:9680:59f5:7b09:622d:5cf5,443,53900,1392,127.32930543491223,1
DATA,TCP,1,2405:200:161b:743::13,53900,443,91,127.94462818768639,1
DATA,TCP,1,2409:4056:81:9680:59f5:7b09:622d:5cf5,443,53900,1392,128.55983629992542,1
DATA,TCP,1,2405:200:161b:743::13,53900,443,91,129.17347028783308,1
DATA,TCP,1,2409:4056:81:9680:59f5:7b09:622d:5cf5,443,53900,1392,129.78686884044626,1
DATA,TCP,1,2405:200:161b:743::13,53900,443,91,130.39916920606728,1
DATA,TCP,1,2405:200:161b:743::13,53900,443,91,131.01041372095636,1
DATA,TCP,1,2409:4056:81:9680:59f5:7b09:622d:5cf5,443,53900,1392,131.62110680495192,1
DATA,TCP,1,2409:4056:81:9680:59f5:7b09:622d:5cf5,443,53900,1392,132.23085653434964,1
DATA,TCP,1,2409:4056:81:9680:59f5:7b09:622d:5cf5,443,53900,1392,132.7492253275013,1
DATA,TCP,1,2405:200:161b:743::13,53900,443,91,133.3562494215379,1
DATA,TCP,1,2409:4056:81:9680:59f5:7b09:622d:5cf5,443,53900,1392,133.96377733276952,1
DATA,TCP,1,2405:200:161b:743::13,53900,443,104,134.5698575738413,1
DATA,TCP,1,2409:4056:81:9680:59f5:7b09:622d:5cf5,443,53900,1392,135.17513586123638,1
DATA,TCP,1,2409:4056:81:9680:59f5:7b09:622d:5cf5,443,53900,1392,135.7797268366279,1
DATA,TCP,1,2409:4056:81:9680:59f5:7b09:622d:5cf5,443,53900,1392,136.29459053359543,1
DATA,TCP,1,2409:4056:81:9680:59f5:7b09:622d:5cf5,443,53900,1392,136.89315106711754,1
DATA,TCP,1,2409:4056:81:9680:59f5:7b09:622d:5cf5,443,53900,1392,137.49439441169633,1
DATA,TCP,1,2405:200:161b:743::13,53900,443,91,138.09532252185716,1
DATA,TCP,1,2409:4056:81:9680:59f5:7b09:622d:5cf5,443,53900,1392,138.69564448209744,1
DATA,TCP,1,2405:200:161b:743::13,53900,443,91,139.20062849186226,1
DATA,TCP,1,2405:200:161b:743::13,53900,443,91,139.7986449298391,1
DATA,TCP,1,2409:4056:81:9680:59f5:7b09:622d:5cf5,443,53900,1392,140.39606212066647,1
DATA,TCP,1,2409:4056:81:9680:59f5:7b09:622d:5cf5,443,53900,1392,140.89702031520932,1
DATA,TCP,1,2409:4056:81:9680:59f5:7b09:622d:5cf5,443,53900,1392,141.39741705342016,1
DATA,TCP,1,2405:200:161b:743::13,53900,443,91,141.9918449233892,1
DATA,TCP,1,2409:4056:81:9680:59f5:7b09:622d:5cf5,443,53900,1392,142.58519481739452,1
DATA,TCP,1,2409:4056:81:9680:59f5:7b09:622d:5cf5,443,53900,1392,143.1773479140603,1
DATA,TCP,1,2405:200:161b:743::13,53900,443,92,143.76884399364053,1
DATA,TCP,1,2409:4056:81:9680:59f5:7b09:622d:5cf5,443,53900,1392,144.36427629117205,1
DATA,TCP,1,2409:4056:81:9680:59f5:7b09:622d:5cf5,443,53900,1392,144.8533171315513,1
DATA,TCP,1,2409:4056:81:9680:59f5:7b09:622d:5cf5,443,53900,1392,145.44227093383824,1
DATA,TCP,1,2405:200:161b:743::13,53900,443,92,146.03062667584643,1
DATA,TCP,1,2405:200:161b:743::13,53900,443,92,146.6181483644936,1
DATA,TCP,1,2409:4056:81:9680:59f5:7b09:622d:5cf5,443,53900,1392,147.20892223408458,1
DATA,TCP,1,2409:4056:81:9680:59f5:7b09:622d:5cf5,443,53900,1392,147.7907662914189,1
DATA,TCP,1,2409:4056:81:9680:59f5:7b09:622d:5cf5,443,53900,1392,148.2763725556319,1
DATA,TCP,1,2409:4056:81:9680:59f5:7b09:622d:5cf5,443,53900,1392,148.860971443568,1
DATA,TCP,1,2409:4056:81:9680:59f5:7b09:622d:5cf5,443,53900,1392,149.44404238859246,1
DATA,TCP,1,2409:4056:81:9680:59f5:7b09:622d:5cf5,443,53900,1392,150.03079970792064,1
DATA,TCP,1,2409:4056:81:9680:59f5:7b09:622d:5cf5,443,53900,1392,150.5083240281246,1
DATA,TCP,1,2405:200:161b:743::13,53900,443,92,151.0884064715492,1
DATA,TCP,1,2405:200:161b:743::13,53900,443,92,151.66820665071387,1
DATA,TCP,1,2405:200:161b:743::13,53900,443,92,152.25194969056943,1
DATA,TCP,1,2409:4056:81:9680:59f5:7b09:622d:5cf5,443,53900,1392,152.72456806023027,1
DATA,TCP,1,2409:4056:81:9680:59f5:7b09:622d:5cf5,443,53900,1392,153.30192359879973,1
DATA,TCP,1,2405:200:161b:743::13,53900,443,92,153.87836700391117,1
DATA,TCP,1,2409:4056:81:9680:59f5:7b09:622d:5cf5,443,53900,1392,154.4541478707064,1
DATA,TCP,1,2409:4056:81:9680:59f5:7b09:622d:5cf5,443,53900,1392,155.02864306465185,1
DATA,TCP,1,2405:200:161b:743::13,53900,443,92,155.60327991333742,1
DATA,TCP,1,2409:4056:81:9680:59f5:7b09:622d:5cf5,443,53900,1392,156.176331090831,1
DATA,TCP,1,2409:4056:81:9680:59f5:7b09:622d:5cf5,443,53900,1392,156.64511717171652,1
DATA,TCP,1,2409:4056:81:9680:59f5:7b09:622d:5cf5,443,53900,1392,157.22195923988235,1
DATA,TCP,1,2409:4056:81:9680:59f5:7b09:622d:5cf5,443,53900,1392,157.68888571840336,1
DATA,TCP,1,2409:4056:81:9680:59f5:7b09:622d:5cf5,443,53900,1392,158.2589009463151,1
DATA,TCP,1,2409:4056:81:9680:59f5:7b09:622d:5cf5,443,53900,1392,158.82786310893889,1
DATA,TCP,1,2409:4056:81:9680:59f5:7b09:622d:5cf5,443,53900,1392,159.3962310622278,1
DATA,TCP,1,2405:200:161b:743::13,53900,443,92,159.85895372143182,1
DATA,TCP,1,2405:200:161b:743::13,53900,443,92,160.42142221933454,1
DATA,TCP,1,2405:200:161b:743::13,53900,443,92,160.9874511943803,1
DATA,TCP,1,2405:200:161b:743::13,53900,443,92,161.55465212266506,1
DATA,TCP,1,2409:4056:81:9680:59f5:7b09:622d:5cf5,443,53900,1392,162.11643993473953,1
DATA,TCP,1,2409:4056:81:9680:59f5:7b09:622d:5cf5,443,53900,1392,162.67978725543745,1
DATA,TCP,1,2409:4056:81:9680:59f5:7b09:622d:5cf5,443,53900,1392,163.24260586458465,1
DATA,TCP,1,2409:4056:81:9680:59f5:7b09:622d:5cf5,443,53900,1392,163.80492506148636,1
DATA,TCP,1,2409:4056:81:9680:59f5:7b09:622d:5cf5,443,53900,1392,164.2587324840095,1
DATA,TCP,1,2409:4056:81:9680:59f5:7b09:622d:5cf5,443,53900,1392,164.819397145169,1
DATA,TCP,1,2409:4056:81:9680:59f5:7b09:622d:5cf5,443,53900,1392,165.37859820462995,1
DATA,TCP,1,2405:200:161b:743::13,53900,443,92,165.94199968063074,1
DATA,TCP,1,2409:4056:81:9680:59f5:7b09:622d:5cf5,443,53900,1392,166.49552558835666,1
DATA,TCP,1,2405:200:161b:743::13,53900,443,92,167.05259591791787,1
DATA,TCP,1,2409:4056:81:9680:59f5:7b09:622d:5cf5,443,53900,1392,167.50518863506593,1
DATA,TCP,1,2405:200:161b:743::13,53900,443,92,168.05544967659318,1
DATA,TCP,1,2405:200:161b:743::13,53900,443,105,168.6112599093536,1
DATA,TCP,1,2409:4056:81:9680:59f5:7b09:622d:5cf5,443,53900,1392,169.16566046963172,1
DATA,TCP,1,2409:4056:81:9680:59f5:7b09:622d:5cf5,443,53900,1392,169.71867408044577,1
DATA,TCP,1,2409:4056:81:9680:59f5:7b09:622d:5cf5,443,53900,1392,170.2704582679183,1
DATA,TCP,1,2405:200:161b:743::13,53900,443,92,170.82365309866276,1
DATA,TCP,1,2409:4056:81:9680:59f5:7b09:622d:5cf5,443,53900,1392,171.2646630697124,1
DATA,TCP,1,2409:4056:81:9680:59f5:7b09:622d:5cf5,443,53900,1392,171.81515564400962,1
DATA,TCP,1,2405:200:161b:743::13,53900,443,92,172.36485796250753,1
DATA,TCP,1,2405:200:161b:743::13,53900,443,92,172.91366194095926,1
DATA,TCP,1,2409:4056:81:9680:59f5:7b09:622d:5cf5,443,53900,1392,173.46148567431754,1
DATA,TCP,1,2409:4056:81:9680:59f5:7b09:622d:5cf5,443,53900,1392,174.00953166244017,1
DATA,TCP,1,2405:200:161b:743::13,53900,443,92,174.44392251202638,1
DATA,TCP,1,2409:4056:81:9680:59f5:7b09:622d:5cf5,443,53900,1392,174.9900660381975,1
DATA,TCP,1,2409:4056:81:9680:59f5:7b09:622d:5cf5,443,53900,1392,175.53983036633787,1
DATA,TCP,1,2405:200:161b:743::13,53900,443,92,176.0797607978085,1
DATA,TCP,1,2409:4056:81:9680:59f5:7b09:622d:5cf5,443,53900,1392,176.62350582703584,1
DATA,TCP,1,2409:4056:81:9680:59f5:7b09:622d:5cf5,443,53900,1392,177.16655434009232,1
DATA,TCP,1,2405:200:161b:743::13,53900,443,92,177.59484572388888,1
DATA,TCP,1,2409:4056:81:9680:59f5:7b09:622d:5cf5,443,53900,1392,178.13620287263095,1
DATA,TCP,1,2409:4056:81:9680:59f5:7b09:622d:5cf5,443,53900,1392,178.6770075757635,1
DATA,TCP,1,2405:200:161b:743::13,53900,443,92,179.21631193176165,1
DATA,TCP,1,2409:4056:81:9680:59f5:7b09:622d:5cf5,443,53900,1392,179.75643665609158,1
DATA,TCP,1,2409:4056:81:9680:59f5:7b09:622d:5cf5,443,53900,1392,180.2953720215614,1
DATA,TCP,1,2409:4056:81:9680:59f5:7b09:622d:5cf5,443,53900,1392,180.8341290266849,1
DATA,TCP,1,2405:200:161b:743::13,53900,443,92,181.3705402105704,1
DATA,TCP,1,2409:4056:81:9680:59f5:7b09:622d:5cf5,443,53900,1392,181.79144727459826,1
DATA,TCP,1,2405:200:161b:743::13,53900,443,92,182.3270694901571,1
DATA,TCP,1,2409:4056:81:9680:59f5:7b09:622d:5cf5,443,53900,1392,182.86181266010695,1
DATA,TCP,1,2409:4056:81:9680:59f5:7b09:622d:5cf5,443,53900,1392,183.40096597683163,1
DATA,TCP,1,2409:4056:81:9680:59f5:7b09:622d:5cf5,443,53900,1392,183.92948813007524,1
DATA,TCP,1,2409:4056:81:9680:59f5:7b09:622d:5cf5,443,53900,1392,184.3508016252578,1
DATA,TCP,1,2409:4056:81:9680:59f5:7b09:622d:5cf5,443,53900,1392,184.8775212750952,1
DATA,TCP,1,2409:4056:81:9680:59f5:7b09:622d:5cf5,443,53900,1392,185.40878852144039,1
DATA,TCP,1,2409:4056:81:9680:59f5:7b09:622d:5cf5,443,53900,1392,185.93990066030804,1
DATA,TCP,1,2405:200:161b:743::13,53900,443,92,186.35113524500827,1
DATA,TCP,1,2409:4056:81:9680:59f5:7b09:622d:5cf5,443,53900,1392,186.8811090571873,1
DATA,TCP,1,2409:4056:81:9680:59f5:7b09:622d:5cf5,443,53900,1392,187.4094956445157,1
DATA,TCP,1,2405:200:161b:743::13,53900,443,92,187.93707152646863,1
DATA,TCP,1,2405:200:161b:743::13,53900,443,92,188.46383701899077,1
DATA,TCP,1,2405:200:161b:743::13,53900,443,92,188.99017026831805,1
DATA,TCP,1,2409:4056:81:9680:59f5:7b09:622d:5cf5,443,53900,1392,189.51656917980864,1
DATA,TCP,1,2409:4056:81:9680:59f5:7b09:622d:5cf5,443,53900,1392,189.92192342275828,1
DATA,TCP,1,2409:4056:81:9680:59f5:7b09:622d:5cf5,443,53900,1392,190.4473343502682,1
DATA,TCP,1,2409:4056:81:9680:59f5:7b09:622d:5cf5,443,53900,1392,190.96898955280716,1
DATA,TCP,1,2405:200:161b:743::13,53900,443,92,191.49235679123882,1
DATA,TCP,1,2405:200:161b:743::13,53900,443,92,192.01415956736153,1
DATA,TCP,1,2409:4056:81:9680:59f5:7b09:622d:5cf5,443,53900,1392,192.5360726497865,1
DATA,TCP,1,2409:4056:81:9680:59f5:7b09:622d:5cf5,443,53900,1392,193.05686213012748,1
DATA,TCP,1,2405:200:161b:743::13,53900,443,92,193.45599252738162,1
DATA,TCP,1,2409:4056:81:9680:59f5:7b09:622d:5cf5,443,53900,1392,193.97540801449634,1
DATA,TCP,1,2409:4056:81:9680:59f5:7b09:622d:5cf5,443,53900,1392,194.4940864004676,1
DATA,TCP,1,2409:4056:81:9680:59f5:7b09:622d:5cf5,443,53900,1392,195.01202835340752,1
DATA,TCP,1,2409:4056:81:9680:59f5:7b09:622d:5cf5,443,53900,1392,195.52896644970122,1
DATA,TCP,1,2405:200:161b:743::13,53900,443,92,196.04615335660844,1
DATA,TCP,1,2409:4056:81:9680:59f5:7b09:622d:5cf5,443,53900,1392,196.43964309403253,1
DATA,TCP,1,2405:200:161b:743::13,53900,443,92,196.95476228323108,1
DATA,TCP,1,2409:4056:81:9680:59f5:7b09:622d:5cf5,443,53900,1392,197.46933056440085,1
DATA,TCP,1,2405:200:161b:743::13,53900,443,92,197.98292897525434,1
DATA,TCP,1,2409:4056:81:9680:59f5:7b09:622d:5cf5,443,53900,1392,198.49667077173146,1
DATA,TCP,1,2405:200:161b:743::13,53900,443,105,199.00899303341194,1
DATA,TCP,1,2409:4056:81:9680:59f5:7b09:622d:5cf5,443,53900,1392,199.5198319018377,1
DATA,TCP,1,2409:4056:81:9680:59f5:7b09:622d:5cf5,443,53900,1392,199.90890657476828,1
DATA,TCP,1,2409:4056:81:9680:59f5:7b09:622d:5cf5,443,53900,1392,200.4184781170523,1
DATA,TCP,1,2409:4056:81:9680:59f5:7b09:622d:5cf5,443,53900,1392,200.9290845477384,1
DATA,TCP,1,2405:200:161b:743::13,53900,443,92,201.43787692521454,1
DATA,TCP,1,2409:4056:81:9680:59f5:7b09:622d:5cf5,443,53900,1392,201.94707470355814,1
DATA,TCP,1,2405:200:161b:743::13,53900,443,92,202.4546083412952,1
DATA,TCP,1,2409:4056:81:9680:59f5:7b09:622d:5cf5,443,53900,1392,202.83709520422664,1
DATA,TCP,1,2405:200:161b:743::13,53900,443,92,203.34372129914414,1
DATA,TCP,1,2409:4056:81:9680:59f5:7b09:622d:5cf5,443,53900,1392,203.8495706062792,1
DATA,TCP,1,2409:4056:81:9680:59f5:7b09:622d:5cf5,443,53900,1392,204.35482780010452,1
DATA,TCP,1,2409:4056:81:9680:59f5:7b09:622d:5cf5,443,53900,1392,204.85943262686337,1
DATA,TCP,1,2405:200:161b:743::13,53900,443,92,205.3633552187427,1
DATA,TCP,1,2409:4056:81:9680:59f5:7b09:622d:5cf5,443,53900,1392,205.86634917733008,1
DATA,TCP,1,2409:4056:81:9680:59f5:7b09:622d:5cf5,443,53900,1392,206.2429304920228,1
DATA,TCP,1,2409:4056:81:9680:59f5:7b09:622d:5cf5,443,53900,1392,206.74476784089507,1
DATA,TCP,1,2409:4056:81:9680:59f5:7b09:622d:5cf5,443,53900,1392,207.24611376193715,1
DATA,TCP,1,2409:4056:81:9680:59f5:7b09:622d:5cf5,443,53900,1392,207.7467213609055,1
DATA,TCP,1,2405:200:161b:743::13,53900,443,92,208.11941927805668,1
DATA,TCP,1,2405:200:161b:743::13,53900,443,92,208.6181379810047,1
DATA,TCP,1,2409:4056:81:9680:59f5:7b09:622d:5cf5,443,53900,1392,209.11683783855597,1
DATA,TCP,1,2405:200:161b:743::13,53900,443,92,209.6153042288951,1
DATA,TCP,1,2409:4056:81:9680:59f5:7b09:622d:5cf5,443,53900,1392,210.1126317950516,1
DATA,TCP,1,2409:4056:81:9680:59f5:7b09:622d:5cf5,443,53900,1392,210.48127063053974,1
DATA,TCP,1,2409:4056:81:9680:59f5:7b09:622d:5cf5,443,53900,1392,210.97650242142893,1
DATA,TCP,1,2409:4056:81:9680:59f5:7b09:622d:5cf5,443,53900,1392,211.47248016705188,1
DATA,TCP,1,2409:4056:81:9680:59f5:7b09:622d:5cf5,443,53900,1392,211.96672300034038,1
DATA,TCP,1,2405:200:161b:743::13,53900,443,92,212.46089886261797,1
DATA,TCP,1,2409:4056:81:9680:59f5:7b09:622d:5cf5,443,53900,1392,212.82553315360138,1
DATA,TCP,1,2405:200:161b:743::13,53900,443,92,213.31806753036008,1
DATA,TCP,1,2405:200:161b:743::13,53900,443,92,213.810415303345,1
DATA,TCP,1,2409:4056:81:9680:59f5:7b09:622d:5cf5,443,53900,1392,214.30137362832656,1
DATA,TCP,1,2409:4056:81:9680:59f5:7b09:622d:5cf5,443,53900,1392,214.79294240580427,1
DATA,TCP,1,2409:4056:81:9680:59f5:7b09:622d:5cf5,443,53900,1392,215.2828360193701,1
DATA,TCP,1,2409:4056:81:9680:59f5:7b09:622d:5cf5,443,53900,1392,215.77267688346805,1
DATA,TCP,1,2409:4056:81:9680:59f5:7b09:622d:5cf5,443,53900,1392,216.13030668752256,1
DATA,TCP,1,2405:200:161b:743::13,53900,443,92,216.619833407089,1
DATA,TCP,1,2405:200:161b:743::13,53900,443,92,217.10762173918428,1
DATA,TCP,1,2409:4056:81:9680:59f5:7b09:622d:5cf5,443,53900,1392,217.59485363734225,1
DATA,TCP,1,2409:4056:81:9680:59f5:7b09:622d:5cf5,443,53900,1392,218.0814018348959,1
DATA,TCP,1,2405:200:161b:743::13,53900,443,92,218.5669451826345,1
DATA,TCP,1,2409:4056:81:9680:59f5:7b09:622d:5cf5,443,53900,1392,219.0527395312496,1
DATA,TCP,1,2409:4056:81:9680:59f5:7b09:622d:5cf5,443,53900,1392,219.4055286754783,1
DATA,TCP,1,2405:200:161b:743::13,53900,443,92,219.8896544553762,1
DATA,TCP,1,2405:200:161b:743::13,53900,443,92,220.3726814108094,1
DATA,TCP,1,2409:4056:81:9680:59f5:7b09:622d:5cf5,443,53900,1392,220.85528839356064,1
DATA,TCP,1,2409:4056:81:9680:59f5:7b09:622d:5cf5,443,53900,1392,221.3382234594124,1
DATA,TCP,1,2409:4056:81:9680:59f5:7b09:622d:5cf5,443,53900,1392,221.81947718274404,1
DATA,TCP,1,2409:4056:81:9680:59f5:7b09:622d:5cf5,443,53900,1392,222.3011284175215,1
DATA,TCP,1,2405:200:161b:743::13,53900,443,92,222.781683271902,1
DATA,TCP,1,2409:4056:81:9680:59f5:7b09:622d:5cf5,443,53900,1392,223.12804596179194,1
DATA,TCP,1,2405:200:161b:743::13,53900,443,92,223.6057091778013,1
DATA,TCP,1,2409:4056:81:9680:59f5:7b09:622d:5cf5,443,53900,1392,224.08531360246076,1
DATA,TCP,1,2409:4056:81:9680:59f5:7b09:622d:5cf5,443,53900,1392,224.5639234383728,1
DATA,TCP,1,2409:4056:81:9680:59f5:7b09:622d:5cf5,443,53900,1392,225.04101276512236,1
DATA,TCP,1,2409:4056:81:9680:59f5:7b09:622d:5cf5,443,53900,1392,225.5180569841394,1
DATA,TCP,1,2409:4056:81:9680:59f5:7b09:622d:5cf5,443,53900,1392,225.86004206643656,1
DATA,TCP,1,2409:4056:81:9680:59f5:7b09:622d:5cf5,443,53900,1392,226.33571481661357,1
DATA,TCP,1,2405:200:161b:743::13,53900,443,92,226.675493021178,1
DATA,TCP,1,2405:200:161b:743::13,53900,443,92,227.1500635434893,1
DATA,TCP,1,2405:200:161b:743::13,53900,443,105,227.62337796890495,1
DATA,TCP,1,2409:4056:81:9680:59f5:7b09:622d:5cf5,443,53900,1392,228.09642656704773,1
DATA,TCP,1,2405:200:161b:743::13,53900,443,92,228.5692447899154,1
DATA,TCP,1,2409:4056:81:9680:59f5:7b09:622d:5cf5,443,53900,1392,229.04140380964935,1
DATA,TCP,1,2409:4056:81:9680:59f5:7b09:622d:5cf5,443,53900,1392,229.51283773210272,1
DATA,TCP,1,2409:4056:81:9680:59f5:7b09:622d:5cf5,443,53900,1392,229.98381300844767,1
DATA,TCP,1,2405:200:161b:743::13,53900,443,92,230.45419777902512,1
DATA,TCP,1,2409:4056:81:9680:59f5:7b09:622d:5cf5,443,53900,1392,230.78699119314214,1
DATA,TCP,1,2409:4056:81:9680:59f5:7b09:622d:5cf5,443,53900,1392,231.25650090598876,1
DATA,TCP,1,2405:200:161b:743::13,53900,443,92,231.72472272761564,1
DATA,TCP,1,2409:4056:81:9680:59f5:7b09:622d:5cf5,443,53900,1392,232.19279259433964,1
DATA,TCP,1,2409:4056:81:9680:59f5:7b09:622d:5cf5,443,53900,1392,232.5229202839221,1
DATA,TCP,1,2405:200:161b:743::13,53900,443,92,232.98902275792864,1
DATA,TCP,1,2409:4056:81:9680:59f5:7b09:622d:5cf5,443,53900,1392,233.4557495032652,1
DATA,TCP,1,2405:200:161b:743::13,53900,443,92,233.92078640646497,1
DATA,TCP,1,2409:4056:81:9680:59f5:7b09:622d:5cf5,443,53900,1392,234.38574583036865,1
DATA,TCP,1,2409:4056:81:9680:59f5:7b09:622d:5cf5,443,53900,1392,234.8504621265286,1
DATA,TCP,1,2409:4056:81:9680:59f5:7b09:622d:5cf5,443,53900,1392,235.31483622892551,1
DATA,TCP,1,2409:4056:81:9680:59f5:7b09:622d:5cf5,443,53900,1392,235.6392099895134,1
DATA,TCP,1,2405:200:161b:743::13,53900,443,92,236.10217086152664,1
DATA,TCP,1,2405:200:161b:743::13,53900,443,92,236.56411644602647,1
DATA,TCP,1,2409:4056:81:9680:59f5:7b09:622d:5cf5,443,53900,1392,237.025249214494,1
DATA,TCP,1,2409:4056:81:9680:59f5:7b09:622d:5cf5,443,53900,1392,237.48621418570815,1
DATA,TCP,1,2409:4056:81:9680:59f5:7b09:622d:5cf5,443,53900,1392,237.94714983777357,1
DATA,TCP,1,2409:4056:81:9680:59f5:7b09:622d:5cf5,443,53900,1392,238.26741945484326,1
DATA,TCP,1,2405:200:161b:743::13,53900,443,92,238.7268209452515,1
DATA,TCP,1,2405:200:161b:743::13,53900,443,92,239.18490278970376,1
DATA,TCP,1,2409:4056:81:9680:59f5:7b09:622d:5cf5,443,53900,1392,239.6435749086046,1
DATA,TCP,1,2409:4056:81:9680:59f5:7b09:622d:5cf5,443,53900,1392,240.10082550268004,1
DATA,TCP,1,2409:4056:81:9680:59f5:7b09:622d:5cf5,443,53900,1392,240.5582952755177,1
DATA,TCP,1,2409:4056:81:9680:59f5:7b09:622d:5cf5,443,53900,1392,241.01468547810478,1
DATA,TCP,1,2409:4056:81:9680:59f5:7b09:622d:5cf5,443,53900,1392,241.33020120402765,1
DATA,TCP,1,2405:200:161b:743::13,53900,443,92,241.78562094027458,1
DATA,TCP,1,2405:200:161b:743::13,53900,443,92,242.24034029519837,1
DATA,TCP,1,2409:4056:81:9680:59f5:7b09:622d:5cf5,443,53900,1392,242.69470371274346,1
DATA,TCP,1,2409:4056:81:9680:59f5:7b09:622d:5cf5,443,53900,1392,243.15402028921866,1
DATA,TCP,1,2409:4056:81:9680:59f5:7b09:622d:5cf5,443,53900,1392,243.4579009638141,1
DATA,TCP,1,2409:4056:81:9680:59f5:7b09:622d:5cf5,443,53900,1392,243.91243562816553,1
DATA,TCP,1,2409:4056:81:9680:59f5:7b09:622d:5cf5,443,53900,1392,244.36444759569338,1
DATA,TCP,1,2409:4056:81:9680:59f5:7b09:622d:5cf5,443,53900,1392,244.68020925925742,1
DATA,TCP,1,2405:200:161b:743::13,53900,443,92,245.12501879260628,1
DATA,TCP,1,2409:4056:81:9680:59f5:7b09:622d:5cf5,443,53900,1392,245.57449001603692,1
DATA,TCP,1,2405:200:161b:743::13,53900,443,92,246.02482737460645,1
DATA,TCP,1,2405:200:161b:743::13,53900,443,92,246.4739877094506,1
DATA,TCP,1,2405:200:161b:743::13,53900,443,92,246.92123915030837,1
DATA,TCP,1,2409:4056:81:9680:59f5:7b09:622d:5cf5,443,53900,1392,247.3706861070901,1
DATA,TCP,1,2409:4056:81:9680:59f5:7b09:622d:5cf5,443,53900,1392,247.6750589378588,1
DATA,TCP,1,2405:200:161b:743::13,53900,443,92,248.12267459024605,1
DATA,TCP,1,2409:4056:81:9680:59f5:7b09:622d:5cf5,443,53900,1392,248.56852149729005,1
DATA,TCP,1,2409:4056:81:9680:59f5:7b09:622d:5cf5,443,53900,1392,249.01483275622087,1
DATA,TCP,1,2405:200:161b:743::13,53900,443,92,249.4600031589558,1
DATA,TCP,1,2409:4056:81:9680:59f5:7b09:622d:5cf5,443,53900,1392,249.90473199696902,1
DATA,TCP,1,2409:4056:81:9680:59f5:7b09:622d:5cf5,443,53900,1392,250.34831886677455,1
DATA,TCP,1,2409:4056:81:9680:59f5:7b09:622d:5cf5,443,53900,1392,250.79329094183046,1
DATA,TCP,1,2405:200:161b:743::13,53900,443,92,251.0986654506849,1
DATA,TCP,1,2409:4056:81:9680:59f5:7b09:622d:5cf5,443,53900,1392,251.53486478729943,1
DATA,TCP,1,2409:4056:81:9680:59f5:7b09:622d:5cf5,443,53900,1392,251.97751308891014,1
DATA,TCP,1,2409:4056:81:9680:59f5:7b09:622d:5cf5,443,53900,1392,252.41909322685555,1
DATA,TCP,1,2409:4056:81:9680:59f5:7b09:622d:5cf5,443,53900,1392,252.86016866840382,1
DATA,TCP,1,2409:4056:81:9680:59f5:7b09:622d:5cf5,443,53900,1392,253.15625854217535,1
DATA,TCP,1,2405:200:161b:743::13,53900,443,92,253.59555814058783,1
DATA,TCP,1,2405:200:161b:743::13,53900,443,105,254.0354865635732,1
DATA,TCP,1,2405:200:161b:743::13,53900,443,92,254.18370670353943,1
DATA,TCP,1,2409:4056:81:9680:59f5:7b09:622d:5cf5,443,53900,1392,254.47838459871332,1
DATA,TCP,1,2409:4056:81:9680:59f5:7b09:622d:5cf5,443,53900,1392,254.91571362046182,1
DATA,TCP,1,2409:4056:81:9680:59f5:7b09:622d:5cf5,443,53900,1392,255.35098754558578,1
DATA,TCP,1,2405:200:161b:743::13,53900,443,92,255.78930706989897,1
DATA,TCP,1,2409:4056:81:9680:59f5:7b09:622d:5cf5,443,53900,1392,256.2310402421224,1
DATA,TCP,1,2405:200:161b:743::13,53900,443,92,256.6667134621649,1
DATA,TCP,1,2409:4056:81:9680:59f5:7b09:622d:5cf5,443,53900,1392,257.0955615763431,1
DATA,TCP,1,2409:4056:81:9680:59f5:7b09:622d:5cf5,443,53900,1392,257.3844172127803,1
DATA,TCP,1,2409:4056:81:9680:59f5:7b09:622d:5cf5,443,53900,1392,257.81826575210505,1
DATA,TCP,1,2409:4056:81:9680:59f5:7b09:622d:5cf5,443,53900,1392,258.2509465977633,1
DATA,TCP,1,2409:4056:81:9680:59f5:7b09:622d:5cf5,443,53900,1392,258.68427862095496,1
DATA,TCP,1,2409:4056:81:9680:59f5:7b09:622d:5cf5,443,53900,1392,258.96945644545906,1
DATA,TCP,1,2409:4056:81:9680:59f5:7b09:622d:5cf5,443,53900,1392,259.4023654229078,1
DATA,TCP,1,2409:4056:81:9680:59f5:7b09:622d:5cf5,443,53900,1392,259.68707175995996,1
DATA,TCP,1,2405:200:161b:743::13,53900,443,92,260.1177776769373,1
DATA,TCP,1,2405:200:161b:743::13,53900,443,92,260.5472116269731,1
DATA,TCP,1,2405:200:161b:743::13,53900,443,92,260.9772358786683,1
DATA,TCP,1,2405:200:161b:743::13,53900,443,92,261.2658604099794,1
DATA,TCP,1,2409:4056:81:9680:59f5:7b09:622d:5cf5,443,53900,1392,261.68820241666987,1
DATA,TCP,1,2409:4056:81:9680:59f5:7b09:622d:5cf5,443,53900,1392,262.11500783836,1
DATA,TCP,1,2409:4056:81:9680:59f5:7b09:622d:5cf5,443,53900,1392,262.54992545230283,1
DATA,TCP,1,2405:200:161b:743::13,53900,443,92,262.9706277853487,1
DATA,TCP,1,2409:4056:81:9680:59f5:7b09:622d:5cf5,443,53900,1392,263.3974692473756,1
DATA,TCP,1,2405:200:161b:743::13,53900,443,92,263.8232565351771,1
DATA,TCP,1,2409:4056:81:9680:59f5:7b09:622d:5cf5,443,53900,1392,264.24867477572184,1
DATA,TCP,1,2409:4056:81:9680:59f5:7b09:622d:5cf5,443,53900,1392,264.52631136365,1
DATA,TCP,1,2405:200:161b:743::13,53900,443,92,264.950840853038,1
DATA,TCP,1,2409:4056:81:9680:59f5:7b09:622d:5cf5,443,53900,1392,265.3748964698715,1
DATA,TCP,1,2409:4056:81:9680:59f5:7b09:622d:5cf5,443,53900,1392,265.79840655986766,1
DATA,TCP,1,2405:200:161b:743::13,53900,443,92,266.2208277755614,1
DATA,TCP,1,2409:4056:81:9680:59f5:7b09:622d:5cf5,443,53900,1392,266.64419170763966,1
DATA,TCP,1,2409:4056:81:9680:59f5:7b09:622d:5cf5,443,53900,1392,267.06585101144884,1
DATA,TCP,1,2409:4056:81:9680:59f5:7b09:622d:5cf5,443,53900,1392,267.34518925633427,1
DATA,TCP,1,2409:4056:81:9680:59f5:7b09:622d:5cf5,443,53900,1392,267.7602716988841,1
DATA,TCP,1,2409:4056:81:9680:59f5:7b09:622d:5cf5,443,53900,1392,268.1808447643491,1
DATA,TCP,1,2409:4056:81:9680:59f5:7b09:622d:5cf5,443,53900,1392,268.6008777202177,1
DATA,TCP,1,2409:4056:81:9680:59f5:7b09:622d:5cf5,443,53900,1392,269.01986041220033,1
DATA,TCP,1,2409:4056:81:9680:59f5:7b09:622d:5cf5,443,53900,1392,269.28987527819913,1
DATA,TCP,1,2409:4056:81:9680:59f5:7b09:622d:5cf5,443,53900,1392,269.7089090424691,1
DATA,TCP,1,2405:200:161b:743::13,53900,443,92,269.97756786766007,1
DATA,TCP,1,2405:200:161b:743::13,53900,443,92,270.395052594832,1
DATA,TCP,1,2405:200:161b:743::13,53900,443,92,270.81174635773056,1
DATA,TCP,1,2405:200:161b:743::13,53900,443,92,271.22790526504934,1
DATA,TCP,1,2409:4056:81:9680:59f5:7b09:622d:5cf5,443,53900,1392,271.64470273743376,1
DATA,TCP,1,2409:4056:81:9680:59f5:7b09:622d:5cf5,443,53900,1392,272.0580704061061,1
DATA,TCP,1,2405:200:161b:743::13,53900,443,92,272.47508798998973,1
DATA,TCP,1,2409:4056:81:9680:59f5:7b09:622d:5cf5,443,53900,1392,272.8897029792862,1
DATA,TCP,1,2409:4056:81:9680:59f5:7b09:622d:5cf5,443,53900,1392,273.16021569241144,1
DATA,TCP,1,2409:4056:81:9680:59f5:7b09:622d:5cf5,443,53900,1392,273.5676712493093,1
DATA,TCP,1,2405:200:161b:743::13,53900,443,92,273.98025716969255,1
DATA,TCP,1,2409:4056:81:9680:59f5:7b09:622d:5cf5,443,53900,1392,274.39360377939926,1
DATA,TCP,1,2405:200:161b:743::13,53900,443,92,274.8055753775149,1
DATA,TCP,1,2409:4056:81:9680:59f5:7b09:622d:5cf5,443,53900,1392,275.0668693375992,1
DATA,TCP,1,2409:4056:81:9680:59f5:7b09:622d:5cf5,443,53900,1392,275.4780881807521,1
DATA,TCP,1,2409:4056:81:9680:59f5:7b09:622d:5cf5,443,53900,1392,275.8888558440814,1
DATA,TCP,1,2409:4056:81:9680:59f5:7b09:622d:5cf5,443,53900,1392,276.30557322226826,1
DATA,TCP,1,2405:200:161b:743::13,53900,443,92,276.7092627712572,1
DATA,TCP,1,2405:200:161b:743::13,53900,443,105,277.1184962315913,1
DATA,TCP,1,2409:4056:81:9680:59f5:7b09:622d:5cf5,443,53900,1392,277.5272069314816,1
DATA,TCP,1,2409:4056:81:9680:59f5:7b09:622d:5cf5,443,53900,1392,277.78431396897895,1
DATA,TCP,1,2409:4056:81:9680:59f5:7b09:622d:5cf5,443,53900,1392,278.19239893322856,1
DATA,TCP,1,2409:4056:81:9680:59f5:7b09:622d:5cf5,443,53900,1392,278.60617004504354,1
DATA,TCP,1,2409:4056:81:9680:59f5:7b09:622d:5cf5,443,53900,1392,278.8534104741217,1
DATA,TCP,1,2405:200:161b:743::13,53900,443,92,279.26132277978706,1
DATA,TCP,1,2409:4056:81:9680:59f5:7b09:622d:5cf5,443,53900,1392,279.6668592026243,1
DATA,TCP,1,2405:200:161b:743::13,53900,443,92,280.07254849797283,1
DATA,TCP,1,2409:4056:81:9680:59f5:7b09:622d:5cf5,443,53900,1392,280.47809470023896,1
DATA,TCP,1,2405:200:161b:743::13,53900,443,92,280.7300042562431,1
DATA,TCP,1,2405:200:161b:743::13,53900,443,92,281.13445871698934,1
DATA,TCP,1,2409:4056:81:9680:59f5:7b09:622d:5cf5,443,53900,1392,281.5374289877778,1
DATA,TCP,1,2409:4056:81:9680:59f5:7b09:622d:5cf5,443,53900,1392,281.94126798467437,1
DATA,TCP,1,2409:4056:81:9680:59f5:7b09:622d:5cf5,443,53900,1392,282.34384730924756,1
DATA,TCP,1,2405:200:161b:743::13,53900,443,92,282.74613911068167,1
DATA,TCP,1,2409:4056:81:9680:59f5:7b09:622d:5cf5,443,53900,1392,282.9953842976688,1
DATA,TCP,1,2409:4056:81:9680:59f5:7b09:622d:5cf5,443,53900,1392,283.39648321105824,1
DATA,TCP,1,2405:200:161b:743::13,53900,443,92,283.79921003442354,1
DATA,TCP,1,2409:4056:81:9680:59f5:7b09:622d:5cf5,443,53900,1392,284.1983155823688,1
DATA,TCP,1,2409:4056:81:9680:59f5:7b09:622d:5cf5,443,53900,1392,284.59683545473507,1
DATA,TCP,1,2409:4056:81:9680:59f5:7b09:622d:5cf5,443,53900,1392,284.8438042513474,1
DATA,TCP,1,2405:200:161b:743::13,53900,443,92,285.2419656865226,1
DATA,TCP,1,2405:200:161b:743::13,53900,443,92,285.6418773744431,1
DATA,TCP,1,2409:4056:81:9680:59f5:7b09:622d:5cf5,443,53900,1392,286.0397421093022,1
DATA,TCP,1,2409:4056:81:9680:59f5:7b09:622d:5cf5,443,53900,1392,286.444602348988,1
DATA,TCP,1,2409:4056:81:9680:59f5:7b09:622d:5cf5,443,53900,1392,286.8348244275371,1
DATA,TCP,1,2409:4056:81:9680:59f5:7b09:622d:5cf5,443,53900,1392,287.07752318249334,1
DATA,TCP,1,2409:4056:81:9680:59f5:7b09:622d:5cf5,443,53900,1392,287.4744504845935,1
DATA,TCP,1,2405:200:161b:743::13,53900,443,92,287.87019718972294,1
DATA,TCP,1,2405:200:161b:743::13,53900,443,92,288.26551826442756,1
DATA,TCP,1,2409:4056:81:9680:59f5:7b09:622d:5cf5,443,53900,1392,288.66071711818756,1
DATA,TCP,1,2409:4056:81:9680:59f5:7b09:622d:5cf5,443,53900,1392,289.0557951902731,1
DATA,TCP,1,2409:4056:81:9680:59f5:7b09:622d:5cf5,443,53900,1392,289.2949787700975,1
DATA,TCP,1,2409:4056:81:9680:59f5:7b09:622d:5cf5,443,53900,1392,289.6882501232219,1
DATA,TCP,1,2409:4056:81:9680:59f5:7b09:622d:5cf5,443,53900,1392,290.08151642360366,1
DATA,TCP,1,2409:4056:81:9680:59f5:7b09:622d:5cf5,443,53900,1392,290.4747414190968,1
DATA,TCP,1,2409:4056:81:9680:59f5:7b09:622d:5cf5,443,53900,1392,290.7120348826964,1
DATA,TCP,1,2405:200:161b:743::13,53900,443,92,291.1040287679495,1
DATA,TCP,1,2409:4056:81:9680:59f5:7b09:622d:5cf5,443,53900,1392,291.4947301661479,1
DATA,TCP,1,2405:200:161b:743::13,53900,443,92,291.88467017904367,1
DATA,TCP,1,2405:200:161b:743::13,53900,443,92,292.2764373459541,1
DATA,TCP,1,2409:4056:81:9680:59f5:7b09:622d:5cf5,443,53900,1392,292.66695167717927,1
DATA,TCP,1,2405:200:161b:743::13,53900,443,92,293.05731759425464,1
DATA,TCP,1,2409:4056:81:9680:59f5:7b09:622d:5cf5,443,53900,1392,293.29062635050957,1
DATA,TCP,1,2405:200:161b:743::13,53900,443,92,293.679581841756,1
DATA,TCP,1,2409:4056:81:9680:59f5:7b09:622d:5cf5,443,53900,1392,294.0671695275448,1
DATA,TCP,1,2409:4056:81:9680:59f5:7b09:622d:5cf5,443,53900,1392,294.45613896669846,1
DATA,TCP,1,2405:200:161b:743::13,53900,443,92,294.84316812801256,1
DATA,TCP,1,2409:4056:81:9680:59f5:7b09:622d:5cf5,443,53900,1392,295.23039721619665,1
DATA,TCP,1,2409:4056:81:9680:59f5:7b09:622d:5cf5,443,53900,1392,295.46118644357506,1
DATA,TCP,1,2409:4056:81:9680:59f5:7b09:622d:5cf5,443,53900,1392,295.8475117325199,1
DATA,TCP,1,2405:200:161b:743::13,53900,443,92,296.23331298587954,1
DATA,TCP,1,2405:200:161b:743::13,53900,443,92,296.6188590276994,1
DATA,TCP,1,2409:4056:81:9680:59f5:7b09:622d:5cf5,443,53900,1392,297.0038822135078,1
DATA,TCP,1,2409:4056:81:9680:59f5:7b09:622d:5cf5,443,53900,1392,297.38807566586036,1
DATA,TCP,1,2409:4056:81:9680:59f5:7b09:622d:5cf5,443,53900,1392,297.61554553412293,1
DATA,TCP,1,2409:4056:81:9680:59f5:7b09:622d:5cf5,443,53900,1392,297.99876832173004,1
DATA,TCP,1,2409:4056:81:9680:59f5:7b09:622d:5cf5,443,53900,1392,298.38112398253935,1
DATA,TCP,1,2405:200:161b:743::13,53900,443,92,298.76553685051715,1
DATA,TCP,1,2405:200:161b:743::13,53900,443,105,299.1546321540795,1
DATA,TCP,1,2409:4056:81:9680:59f5:7b09:622d:5cf5,443,53900,1392,299.53003723668513,1
DATA,TCP,1,2409:4056:81:9680:59f5:7b09:622d:5cf5,443,53900,1392,299.91135558656083,1
DATA,TCP,1,2409:4056:81:9680:59f5:7b09:622d:5cf5,443,53900,1392,300.13517975589923,1
DATA,TCP,1,2409:4056:81:9680:59f5:7b09:622d:5cf5,443,53900,1392,300.51607959313856,1
DATA,TCP,1,2409:4056:81:9680:59f5:7b09:622d:5cf5,443,53900,1392,300.89642500875567,1
DATA,TCP,1,2405:200:161b:743::13,53900,443,92,301.2764095109449,1
DATA,TCP,1,2409:4056:81:9680:59f5:7b09:622d:5cf5,443,53900,1392,301.6539841901824,1
DATA,TCP,1,2405:200:161b:743::13,53900,443,92,302.0354147331902,1
DATA,TCP,1,2405:200:161b:743::13,53900,443,92,302.25604081837974,1
DATA,TCP,1,2409:4056:81:9680:59f5:7b09:622d:5cf5,443,53900,1392,302.6341639399042,1
DATA,TCP,1,2405:200:161b:743::13,53900,443,92,303.01177456200537,1
DATA,TCP,1,2409:4056:81:9680:59f5:7b09:622d:5cf5,443,53900,1392,303.3892607809068,1
DATA,TCP,1,2409:4056:81:9680:59f5:7b09:622d:5cf5,443,53900,1392,303.76627460036775,1
DATA,TCP,1,2409:4056:81:9680:59f5:7b09:622d:5cf5,443,53900,1392,304.14238936343753,1
DATA,TCP,1,2405:200:161b:743::13,53900,443,92,304.519508544582,1
DATA,TCP,1,2409:4056:81:9680:59f5:7b09:622d:5cf5,443,53900,1392,304.8948750184601,1
DATA,TCP,1,2409:4056:81:9680:59f5:7b09:622d:5cf5,443,53900,1392,305.11140746704854,1
DATA,TCP,1,2405:200:161b:743::13,53900,443,92,305.48677157523935,1
DATA,TCP,1,2409:4056:81:9680:59f5:7b09:622d:5cf5,443,53900,1392,305.86135613927917,1
DATA,TCP,1,2409:4056:81:9680:59f5:7b09:622d:5cf5,443,53900,1392,306.2351999006831,1
DATA,TCP,1,2409:4056:81:9680:59f5:7b09:622d:5cf5,443,53900,1392,306.60740620200767,1
DATA,TCP,1,2405:200:161b:743::13,53900,443,92,306.8228464182123,1
DATA,TCP,1,2405:200:161b:743::13,53900,443,92,307.1957626234406,1
DATA,TCP,1,2409:4056:81:9680:59f5:7b09:622d:5cf5,443,53900,1392,307.56879861926245,1
DATA,TCP,1,2409:4056:81:9680:59f5:7b09:622d:5cf5,443,53900,1392,307.9410579621052,1
DATA,TCP,1,2409:4056:81:9680:59f5:7b09:622d:5cf5,443,53900,1392,308.3121496994817,1
DATA,TCP,1,2409:4056:81:9680:59f5:7b09:622d:5cf5,443,53900,1392,308.68351957568234,1
DATA,TCP,1,2405:200:161b:743::13,53900,443,92,309.0541913557474,1
DATA,TCP,1,2409:4056:81:9680:59f5:7b09:622d:5cf5,443,53900,1392,309.26527997579785,1
DATA,TCP,1,2405:200:161b:743::13,53900,443,92,309.6353488943579,1
DATA,TCP,1,2409:4056:81:9680:59f5:7b09:622d:5cf5,443,53900,1392,310.0051914579102,1
DATA,TCP,1,2409:4056:81:9680:59f5:7b09:622d:5cf5,443,53900,1392,310.3746518033741,1
DATA,TCP,1,2409:4056:81:9680:59f5:7b09:622d:5cf5,443,53900,1392,310.74361286322846,1
DATA,TCP,1,2409:4056:81:9680:59f5:7b09:622d:5cf5,443,53900,1392,311.1123497152779,1
DATA,TCP,1,2409:4056:81:9680:59f5:7b09:622d:5cf5,443,53900,1392,311.31996881312307,1
DATA,TCP,1,2409:4056:81:9680:59f5:7b09:622d:5cf5,443,53900,1392,311.68764220853114,1
DATA,TCP,1,2409:4056:81:9680:59f5:7b09:622d:5cf5,443,53900,1392,312.0549364323219,1
DATA,TCP,1,2409:4056:81:9680:59f5:7b09:622d:5cf5,443,53900,1392,312.26064705009446,1
DATA,TCP,1,2409:4056:81:9680:59f5:7b09:622d:5cf5,443,53900,1392,312.627707375444,1
DATA,TCP,1,2409:4056:81:9680:59f5:7b09:622d:5cf5,443,53900,1392,312.83231475789245,1
DATA,TCP,1,2409:4056:81:9680:59f5:7b09:622d:5cf5,443,53900,1392,313.1986344117154,1
DATA,TCP,1,2405:200:161b:743::13,53900,443,92,313.4103552081138,1
DATA,TCP,1,2409:4056:81:9680:59f5:7b09:622d:5cf5,443,53900,1392,313.76784357617225,1
DATA,TCP,1,2405:200:161b:743::13,53900,443,92,314.1322662678948,1
DATA,TCP,1,2405:200:161b:743::13,53900,443,92,314.49615796884893,1
DATA,TCP,1,2405:200:161b:743::13,53900,443,92,314.8599522764761,1
DATA,TCP,1,2405:200:161b:743::13,53900,443,92,315.2234926205408,1
DATA,TCP,1,2405:200:161b:743::13,53900,443,92,315.58603036459914,1
DATA,TCP,1,2409:4056:81:9680:59f5:7b09:622d:5cf5,443,53900,1392,315.94878841122124,1
DATA,TCP,1,2409:4056:81:9680:59f5:7b09:622d:5cf5,443,53900,1392,316.30912236865794,1
DATA,TCP,1,2409:4056:81:9680:59f5:7b09:622d:5cf5,443,53900,1392,316.68030744605346,1
DATA,TCP,1,2405:200:161b:743::13,53900,443,92,316.8723599717405,1
DATA,TCP,1,2405:200:161b:743::13,53900,443,92,317.2336956142511,1
DATA,TCP,1,2409:4056:81:9680:59f5:7b09:622d:5cf5,443,53900,1392,317.59351655793927,1
DATA,TCP,1,2409:4056:81:9680:59f5:7b09:622d:5cf5,443,53900,1392,317.9544729299478,1
DATA,TCP,1,2409:4056:81:9680:59f5:7b09:622d:5cf5,443,53900,1392,318.3143107639928,1
DATA,TCP,1,2409:4056:81:9680:59f5:7b09:622d:5cf5,443,53900,1392,318.6737425031047,1
DATA,TCP,1,2409:4056:81:9680:59f5:7b09:622d:5cf5,443,53900,1392,319.0330858455182,1
DATA,TCP,1,2405:200:161b:743::13,53900,443,92,319.38912813423866,1
DATA,TCP,1,2409:4056:81:9680:59f5:7b09:622d:5cf5,443,53900,1392,319.5950884690365,1
DATA,TCP,1,2405:200:161b:743::13,53900,443,105,319.94586154904835,1
DATA,TCP,1,2405:200:161b:743::13,53900,443,92,320.3030131048596,1
DATA,TCP,1,2409:4056:81:9680:59f5:7b09:622d:5cf5,443,53900,1392,320.66059598422993,1
DATA,TCP,1,2409:4056:81:9680:59f5:7b09:622d:5cf5,443,53900,1392,321.0174194883521,1
DATA,TCP,1,2405:200:161b:743::13,53900,443,92,321.37392103230843,1
DATA,TCP,1,2409:4056:81:9680:59f5:7b09:622d:5cf5,443,53900,1392,321.56642897296086,1
DATA,TCP,1,2409:4056:81:9680:59f5:7b09:622d:5cf5,443,53900,1392,321.9230258403557,1
DATA,TCP,1,2409:4056:81:9680:59f5:7b09:622d:5cf5,443,53900,1392,322.277671567598,1
DATA,TCP,1,2409:4056:81:9680:59f5:7b09:622d:5cf5,443,53900,1392,322.6325946348724,1
DATA,TCP,1,2409:4056:81:9680:59f5:7b09:622d:5cf5,443,53900,1392,322.98795616069145,1
DATA,TCP,1,2409:4056:81:9680:59f5:7b09:622d:5cf5,443,53900,1392,323.17884582999136,1
DATA,TCP,1,2409:4056:81:9680:59f5:7b09:622d:5cf5,443,53900,1392,323.5322398079927,1
DATA,TCP,1,2409:4056:81:9680:59f5:7b09:622d:5cf5,443,53900,1392,323.7230886721786,1
DATA,TCP,1,2405:200:161b:743::13,53900,443,92,324.083329785755,1
DATA,TCP,1,2405:200:161b:743::13,53900,443,92,324.42866163782156,1
DATA,TCP,1,2409:4056:81:9680:59f5:7b09:622d:5cf5,443,53900,1392,324.78069593769015,1
DATA,TCP,1,2405:200:161b:743::13,53900,443,92,325.1402444013371,1
DATA,TCP,1,2405:200:161b:743::13,53900,443,92,325.49193422725324,1
DATA,TCP,1,2409:4056:81:9680:59f5:7b09:622d:5cf5,443,53900,1392,325.67208272946897,1
DATA,TCP,1,2409:4056:81:9680:59f5:7b09:622d:5cf5,443,53900,1392,326.02300830815386,1
DATA,TCP,1,2405:200:161b:743::13,53900,443,92,326.3735021359501,1
DATA,TCP,1,2409:4056:81:9680:59f5:7b09:622d:5cf5,443,53900,1392,326.72264421737896,1
DATA,TCP,1,2409:4056:81:9680:59f5:7b09:622d:5cf5,443,53900,1392,327.07287578798923,1
DATA,TCP,1,2405:200:161b:743::13,53900,443,92,327.422397029179,1
DATA,TCP,1,2409:4056:81:9680:59f5:7b09:622d:5cf5,443,53900,1392,327.7715686172597,1
DATA,TCP,1,2409:4056:81:9680:59f5:7b09:622d:5cf5,443,53900,1392,327.95611246431474,1
DATA,TCP,1,2405:200:161b:743::13,53900,443,92,328.3036120067674,1
DATA,TCP,1,2409:4056:81:9680:59f5:7b09:622d:5cf5,443,53900,1392,328.65236723673905,1
DATA,TCP,1,2409:4056:81:9680:59f5:7b09:622d:5cf5,443,53900,1392,329.00707729295925,1
DATA,TCP,1,2405:200:161b:743::13,53900,443,92,329.34646948298416,1
DATA,TCP,1,2409:4056:81:9680:59f5:7b09:622d:5cf5,443,53900,1392,329.693743508223,1
DATA,TCP,1,2409:4056:81:9680:59f5:7b09:622d:5cf5,443,53900,1392,330.04039069569603,1
DATA,TCP,1,2409:4056:81:9680:59f5:7b09:622d:5cf5,443,53900,1392,330.22057232487435,1
DATA,TCP,1,2409:4056:81:9680:59f5:7b09:622d:5cf5,443,53900,1392,330.56764451720363,1
DATA,TCP,1,2409:4056:81:9680:59f5:7b09:622d:5cf5,443,53900,1392,330.92032793665146,1
DATA,TCP,1,2409:4056:81:9680:59f5:7b09:622d:5cf5,443,53900,1392,331.09328524787026,1
DATA,TCP,1,2409:4056:81:9680:59f5:7b09:622d:5cf5,443,53900,1392,331.4370261107118,1
DATA,TCP,1,2409:4056:81:9680:59f5:7b09:622d:5cf5,443,53900,1392,331.61715905238043,1
DATA,TCP,1,2405:200:161b:743::13,53900,443,92,331.96137396068167,1
DATA,TCP,1,2409:4056:81:9680:59f5:7b09:622d:5cf5,443,53900,1392,332.30492621650814,1
DATA,TCP,1,2405:200:161b:743::13,53900,443,92,332.6480977528777,1
DATA,TCP,1,2405:200:161b:743::13,53900,443,92,332.9908084117392,1
DATA,TCP,1,2405:200:161b:743::13,53900,443,92,333.34055838333455,1
DATA,TCP,1,2405:200:161b:743::13,53900,443,92,333.67323465909465,1
DATA,TCP,1,2409:4056:81:9680:59f5:7b09:622d:5cf5,443,53900,1392,333.8520195534478,1
DATA,TCP,1,2409:4056:81:9680:59f5:7b09:622d:5cf5,443,53900,1392,334.19316689916104,1
DATA,TCP,1,2405:200:161b:743::13,53900,443,92,334.53446117631955,1
DATA,TCP,1,2409:4056:81:9680:59f5:7b09:622d:5cf5,443,53900,1392,334.87521705874934,1
DATA,TCP,1,2409:4056:81:9680:59f5:7b09:622d:5cf5,443,53900,1392,335.21519227516825,1
DATA,TCP,1,2409:4056:81:9680:59f5:7b09:622d:5cf5,443,53900,1392,335.55543780065,1
DATA,TCP,1,2409:4056:81:9680:59f5:7b09:622d:5cf5,443,53900,1392,335.89417525044433,1
DATA,TCP,1,2409:4056:81:9680:59f5:7b09:622d:5cf5,443,53900,1392,336.07639048968815,1
DATA,TCP,1,2409:4056:81:9680:59f5:7b09:622d:5cf5,443,53900,1392,336.4077025510269,1
DATA,TCP,1,2409:4056:81:9680:59f5:7b09:622d:5cf5,443,53900,1392,336.7462419459539,1
DATA,TCP,1,2409:4056:81:9680:59f5:7b09:622d:5cf5,443,53900,1392,336.91894931319786,1
DATA,TCP,1,2405:200:161b:743::13,53900,443,92,337.25681952322924,1
DATA,TCP,1,2409:4056:81:9680:59f5:7b09:622d:5cf5,443,53900,1392,337.42860986334176,1
DATA,TCP,1,2405:200:161b:743::13,53900,443,92,337.7648423678668,1
DATA,TCP,1,2405:200:161b:743::13,53900,443,92,338.1098553817034,1
DATA,TCP,1,2405:200:161b:743::13,53900,443,105,338.4389471398221,1
DATA,TCP,1,2409:4056:81:9680:59f5:7b09:622d:5cf5,443,53900,1392,338.77297196977844,1
DATA,TCP,1,2409:4056:81:9680:59f5:7b09:622d:5cf5,443,53900,1392,339.11084304523945,1
DATA,TCP,1,2409:4056:81:9680:59f5:7b09:622d:5cf5,443,53900,1392,339.4458311626429,1
DATA,TCP,1,2409:4056:81:9680:59f5:7b09:622d:5cf5,443,53900,1392,339.78126203801503,1
DATA,TCP,1,2409:4056:81:9680:59f5:7b09:622d:5cf5,443,53900,1392,339.94999178753005,1
DATA,TCP,1,2409:4056:81:9680:59f5:7b09:622d:5cf5,443,53900,1392,340.28427985110244,1
DATA,TCP,1,2405:200:161b:743::13,53900,443,92,340.6179976345451,1
DATA,TCP,1,2409:4056:81:9680:59f5:7b09:622d:5cf5,443,53900,1392,340.9528520931687,1
DATA,TCP,1,2405:200:161b:743::13,53900,443,92,341.29303387840514,1
DATA,TCP,1,2409:4056:81:9680:59f5:7b09:622d:5cf5,443,53900,1392,341.6184152899662,1
DATA,TCP,1,2405:200:161b:743::13,53900,443,92,341.7920186381511,1
DATA,TCP,1,2409:4056:81:9680:59f5:7b09:622d:5cf5,443,53900,1392,342.117687457745,1
DATA,TCP,1,2405:200:161b:743::13,53900,443,92,342.4495789865372,1
DATA,TCP,1,2405:200:161b:743::13,53900,443,92,342.78151393366005,1
DATA,TCP,1,2409:4056:81:9680:59f5:7b09:622d:5cf5,443,53900,1392,343.1129229731719,1
DATA,TCP,1,2409:4056:81:9680:59f5:7b09:622d:5cf5,443,53900,1392,343.276580193656,1
DATA,TCP,1,2405:200:161b:743::13,53900,443,92,343.6071844110922,1
DATA,TCP,1,2409:4056:81:9680:59f5:7b09:622d:5cf5,443,53900,1392,343.93669341096717,1
DATA,TCP,1,2409:4056:81:9680:59f5:7b09:622d:5cf5,443,53900,1392,344.2672676528234,1
DATA,TCP,1,2409:4056:81:9680:59f5:7b09:622d:5cf5,443,53900,1392,344.5972777869986,1
DATA,TCP,1,2409:4056:81:9680:59f5:7b09:622d:5cf5,443,53900,1392,344.92647904509613,1
DATA,TCP,1,2409:4056:81:9680:59f5:7b09:622d:5cf5,443,53900,1392,345.08835322090755,1
DATA,TCP,1,2409:4056:81:9680:59f5:7b09:622d:5cf5,443,53900,1392,345.4173284911913,1
DATA,TCP,1,2409:4056:81:9680:59f5:7b09:622d:5cf5,443,53900,1392,345.57849357068307,1
DATA,TCP,1,2409:4056:81:9680:59f5:7b09:622d:5cf5,443,53900,1392,345.9140206499386,1
DATA,TCP,1,2405:200:161b:743::13,53900,443,92,346.06672599437763,1
DATA,TCP,1,2409:4056:81:9680:59f5:7b09:622d:5cf5,443,53900,1392,346.3945231107807,1
DATA,TCP,1,2405:200:161b:743::13,53900,443,92,346.71971885617876,1
DATA,TCP,1,2405:200:161b:743::13,53900,443,92,347.04537407711115,1
DATA,TCP,1,2405:200:161b:743::13,53900,443,92,347.3741465611396,1
DATA,TCP,1,2409:4056:81:9680:59f5:7b09:622d:5cf5,443,53900,1392,347.70031765890735,1
DATA,TCP,1,2409:4056:81:9680:59f5:7b09:622d:5cf5,443,53900,1392,348.02601164153765,1
DATA,TCP,1,2409:4056:81:9680:59f5:7b09:622d:5cf5,443,53900,1392,348.1912568370174,1
DATA,TCP,1,2409:4056:81:9680:59f5:7b09:622d:5cf5,443,53900,1392,348.5089309919822,1
DATA,TCP,1,2409:4056:81:9680:59f5:7b09:622d:5cf5,443,53900,1392,348.8334884480404,1
DATA,TCP,1,2409:4056:81:9680:59f5:7b09:622d:5cf5,443,53900,1392,349.1577751074016,1
DATA,TCP,1,2409:4056:81:9680:59f5:7b09:622d:5cf5,443,53900,1392,349.4795798534111,1
DATA,TCP,1,2405:200:161b:743::13,53900,443,92,349.63782799498574,1
DATA,TCP,1,2409:4056:81:9680:59f5:7b09:622d:5cf5,443,53900,1392,349.96852044401714,1
DATA,TCP,1,2405:200:161b:743::13,53900,443,92,350.2843235839561,1
DATA,TCP,1,2405:200:161b:743::13,53900,443,92,350.6062466709721,1
DATA,TCP,1,2405:200:161b:743::13,53900,443,92,350.9324532059355,1
DATA,TCP,1,2409:4056:81:9680:59f5:7b09:622d:5cf5,443,53900,1392,351.2590112940041,1
DATA,TCP,1,2409:4056:81:9680:59f5:7b09:622d:5cf5,443,53900,1392,351.5719669389224,1
DATA,TCP,1,2409:4056:81:9680:59f5:7b09:622d:5cf5,443,53900,1392,351.72672355105243,1
DATA,TCP,1,2405:200:161b:743::13,53900,443,92,352.04654071216504,1
DATA,TCP,1,2405:200:161b:743::13,53900,443,92,352.3664199556293,1
DATA,TCP,1,2409:4056:81:9680:59f5:7b09:622d:5cf5,443,53900,1392,352.68841597256653,1
DATA,TCP,1,2409:4056:81:9680:59f5:7b09:622d:5cf5,443,53900,1392,353.009039413856,1
DATA,TCP,1,2409:4056:81:9680:59f5:7b09:622d:5cf5,443,53900,1392,353.3291526595945,1
DATA,TCP,1,2409:4056:81:9680:59f5:7b09:622d:5cf5,443,53900,1392,353.6478099184703,1
DATA,TCP,1,2409:4056:81:9680:59f5:7b09:622d:5cf5,443,53900,1392,353.7997229382948,1
DATA,TCP,1,2409:4056:81:9680:59f5:7b09:622d:5cf5,443,53900,1392,354.1187289785268,1
DATA,TCP,1,2409:4056:81:9680:59f5:7b09:622d:5cf5,443,53900,1392,354.4388720279089,1
DATA,TCP,1,2409:4056:81:9680:59f5:7b09:622d:5cf5,443,53900,1392,354.5870760033315,1
DATA,TCP,1,2405:200:161b:743::13,53900,443,92,354.90493863780176,1
DATA,TCP,1,2405:200:161b:743::13,53900,443,92,355.2214707872025,1
DATA,TCP,1,2405:200:161b:743::13,53900,443,92,355.5400065382025,1
DATA,TCP,1,2405:200:161b:743::13,53900,443,105,355.6958228291843,1
DATA,TCP,1,2409:4056:81:9680:59f5:7b09:622d:5cf5,443,53900,1392,356.00496317743267,1
DATA,TCP,1,2409:4056:81:9680:59f5:7b09:622d:5cf5,443,53900,1392,356.32149934551,1
DATA,TCP,1,2409:4056:81:9680:59f5:7b09:622d:5cf5,443,53900,1392,356.6372008289859,1
DATA,TCP,1,2409:4056:81:9680:59f5:7b09:622d:5cf5,443,53900,1392,356.95318029576333,1
DATA,TCP,1,2409:4056:81:9680:59f5:7b09:622d:5cf5,443,53900,1392,357.2684904609408,1
DATA,TCP,1,2405:200:161b:743::13,53900,443,92,357.5838738369779,1
DATA,TCP,1,2409:4056:81:9680:59f5:7b09:622d:5cf5,443,53900,1392,357.72983486812063,1
DATA,TCP,1,2405:200:161b:743::13,53900,443,92,358.0442662249683,1
DATA,TCP,1,2405:200:161b:743::13,53900,443,92,358.36599379296814,1
DATA,TCP,1,2409:4056:81:9680:59f5:7b09:622d:5cf5,443,53900,1392,358.6800007135923,1
DATA,TCP,1,2409:4056:81:9680:59f5:7b09:622d:5cf5,443,53900,1392,358.98574151539924,1
DATA,TCP,1,2409:4056:81:9680:59f5:7b09:622d:5cf5,443,53900,1392,359.29915451757597,1
DATA,TCP,1,2405:200:161b:743::13,53900,443,92,359.61223146749614,1
DATA,TCP,1,2409:4056:81:9680:59f5:7b09:622d:5cf5,443,53900,1392,359.75590182482983,1
DATA,TCP,1,2405:200:161b:743::13,53900,443,92,360.0682405275686,1
DATA,TCP,1,2409:4056:81:9680:59f5:7b09:622d:5cf5,443,53900,1172,360.3803271963606,1
DATA,TCP,1,2409:4056:81:9680:59f5:7b09:622d:5cf5,443,53900,84,360.6919968642538,1
DATA,TCP,1,2409:4056:81:9680:59f5:7b09:622d:5cf5,443,53900,84,361.00958005527593,1
DATA,TCP,1,2405:200:161b:743::13,53900,443,92,361.31450015808355,1
DATA,TCP,1,2409:4056:81:9680:59f5:7b09:622d:5cf5,443,53900,84,361.6252518274991,1
DATA,TCP,1,2404:6800:4002:805::200e,56721,443,727,361.9360434601784,1
DATA,TCP,1,2409:4056:81:9680:59f5:7b09:622d:5cf5,443,56721,84,362.2537961897397,1
